method,phasewall_strength,n_pairs,median_delta_vs_vanilla,win_rate_vs_vanilla,loss_rate_vs_vanilla,selected
phasewall_tuned,0.1,320,-0.001730370086665295,0.5125,0.4875,False
phasewall_tuned,0.2,320,0.007778080821407976,0.48125,0.51875,False
phasewall_tuned,0.4,320,-0.0022774818277858516,0.50625,0.49375,True
phasewall_tuned,0.6,320,0.00611824862376989,0.490625,0.509375,False
phasewall_tuned,0.8,320,-0.0019523205734511828,0.503125,0.496875,False
phasewall_plus_lr_tuned,0.1,320,0.04157656454745445,0.453125,0.546875,True
phasewall_plus_lr_tuned,0.2,320,0.06447958793224826,0.45625,0.54375,False
phasewall_plus_lr_tuned,0.4,320,0.08193305891908721,0.4375,0.5625,False
phasewall_plus_lr_tuned,0.6,320,0.054198314554962865,0.471875,0.528125,False
phasewall_plus_lr_tuned,0.8,320,0.06236041083387542,0.45,0.55,False
