method,n_cells,median_of_cell_median_delta,mean_win_rate,mean_loss_rate,fraction_cells_median_delta_lt0,cells_q_lt_0_05,best_q_value
lr_adapt_proxy,36,-44.34559581418432,0.5305555555555557,0.4694444444444444,0.6666666666666666,2,0.014062499999999999
pop4x,36,1403.2623011332582,0.11666666666666664,0.8833333333333333,0.0,27,0.0087890625
